,trk_rate,mean_roa,mean_nroi,mean_nassoc,mean_mean_err,mean_std_dev
0,0.29,0.6597703222703223,6.194444444444445,3.861111111111111,0.13603055555555554,0.027783333333333333
1,0.29,0.6597703222703223,6.194444444444445,3.861111111111111,0.13603055555555554,0.027783333333333333
2,0.29,0.6749158249158249,5.944444444444445,3.7777777777777777,0.13477777777777777,0.027969444444444443
3,0.29,0.6887566137566137,5.611111111111111,3.638888888888889,0.11836666666666666,0.02220833333333333
4,0.29,0.7071097883597884,5.333333333333333,3.5277777777777777,0.09624444444444444,0.012561111111111113
5,0.29,0.7254960317460318,5.055555555555555,3.4444444444444446,0.10076666666666666,0.010730555555555556
6,0.29,0.7215608465608466,4.833333333333333,3.3055555555555554,0.09130277777777777,0.012408333333333334
7,0.29,0.7360119047619048,4.638888888888889,3.2777777777777777,0.09231666666666666,0.008425
8,0.29,0.7360119047619048,4.638888888888889,3.2777777777777777,0.09231666666666666,0.008425
9,0.29,0.7418650793650793,4.444444444444445,3.1666666666666665,0.09013055555555555,0.009544444444444446
10,0.29,0.7453042328042329,4.305555555555555,3.111111111111111,0.07361944444444443,0.00855
11,0.29,0.748611111111111,4.194444444444445,3.0,0.08400833333333332,0.00878888888888889
12,0.29,0.7589285714285714,4.083333333333333,2.9722222222222223,0.1147888888888889,0.0077333333333333325
13,0.29,0.7542989417989419,4.027777777777778,2.9166666666666665,0.13887222222222226,0.009383333333333332
14,0.29,0.7644841269841269,3.9166666666666665,2.861111111111111,0.122525,0.006541666666666667
15,0.29,0.7695767195767196,3.8333333333333335,2.8333333333333335,0.11911944444444446,0.005591666666666667
16,0.29,0.7695767195767196,3.8333333333333335,2.8333333333333335,0.11911944444444446,0.005591666666666667
17,0.29,0.7672619047619048,3.7222222222222223,2.75,0.11003333333333333,0.004022222222222222
18,0.29,0.7703703703703703,3.5277777777777777,2.611111111111111,0.10877222222222221,0.007899999999999999
19,0.29,0.7587962962962963,3.4166666666666665,2.4722222222222223,0.10581388888888889,0.0047666666666666664
20,0.29,0.7680555555555555,3.388888888888889,2.4722222222222223,0.10908055555555557,0.004794444444444445
21,0.29,0.7773148148148148,3.3055555555555554,2.4444444444444446,0.12284166666666668,0.003966666666666667
22,0.29,0.7842592592592592,3.2777777777777777,2.4444444444444446,0.1365611111111111,0.003966666666666667
23,0.29,0.7842592592592592,3.2777777777777777,2.4444444444444446,0.1365611111111111,0.003966666666666667
24,0.29,0.8046296296296296,3.1944444444444446,2.4444444444444446,0.12657222222222222,0.004075
25,0.29,0.6597703222703223,6.194444444444445,3.861111111111111,0.13603055555555554,0.027783333333333333
26,0.29,0.6749158249158249,5.944444444444445,3.7777777777777777,0.13477777777777777,0.027969444444444443
27,0.29,0.7071097883597884,5.333333333333333,3.5277777777777777,0.09624444444444444,0.012561111111111113
28,0.29,0.7215608465608466,4.833333333333333,3.3055555555555554,0.09130277777777777,0.012408333333333334
29,0.29,0.7360119047619048,4.638888888888889,3.2777777777777777,0.09231666666666666,0.008425
30,0.29,0.7453042328042329,4.305555555555555,3.111111111111111,0.07361944444444443,0.00855
31,0.29,0.7589285714285714,4.083333333333333,2.9722222222222223,0.1147888888888889,0.0077333333333333325
32,0.29,0.7644841269841269,3.9166666666666665,2.861111111111111,0.122525,0.006541666666666667
33,0.29,0.7695767195767196,3.8333333333333335,2.8333333333333335,0.11911944444444446,0.005591666666666667
34,0.29,0.7703703703703703,3.5277777777777777,2.611111111111111,0.10877222222222221,0.007899999999999999
35,0.29,0.7680555555555555,3.388888888888889,2.4722222222222223,0.10908055555555557,0.004794444444444445
36,0.29,0.7842592592592592,3.2777777777777777,2.4444444444444446,0.1365611111111111,0.003966666666666667
37,0.29,0.6597703222703223,6.194444444444445,3.861111111111111,0.13603055555555554,0.027783333333333333
38,0.29,0.6902447089947089,5.583333333333333,3.638888888888889,0.11836666666666666,0.02220833333333333
39,0.29,0.7215608465608466,4.833333333333333,3.3055555555555554,0.09130277777777777,0.012408333333333334
40,0.29,0.7418650793650793,4.444444444444445,3.1666666666666665,0.09013055555555555,0.009544444444444446
41,0.29,0.7589285714285714,4.083333333333333,2.9722222222222223,0.1147888888888889,0.0077333333333333325
42,0.29,0.7695767195767196,3.8333333333333335,2.8333333333333335,0.11911944444444446,0.005591666666666667
43,0.29,0.7703703703703703,3.5277777777777777,2.611111111111111,0.10877222222222221,0.007899999999999999
44,0.29,0.7773148148148148,3.3055555555555554,2.4444444444444446,0.12284166666666668,0.003966666666666667
45,0.29,0.6597703222703223,6.194444444444445,3.861111111111111,0.13603055555555554,0.027783333333333333
46,0.29,0.7071097883597884,5.333333333333333,3.5277777777777777,0.09624444444444444,0.012561111111111113
47,0.29,0.7360119047619048,4.638888888888889,3.2777777777777777,0.09231666666666666,0.008425
48,0.29,0.7589285714285714,4.083333333333333,2.9722222222222223,0.1147888888888889,0.0077333333333333325
49,0.29,0.7672619047619048,3.8055555555555554,2.8055555555555554,0.11911944444444446,0.005591666666666667
50,0.29,0.7680555555555555,3.388888888888889,2.4722222222222223,0.10908055555555557,0.004794444444444445
51,0.29,0.6612584175084175,6.166666666666667,3.861111111111111,0.13603055555555554,0.027783333333333333
52,0.29,0.7254960317460318,5.055555555555555,3.4444444444444446,0.10076666666666666,0.010730555555555556
53,0.29,0.7453042328042329,4.305555555555555,3.111111111111111,0.07361944444444443,0.00855
54,0.29,0.7672619047619048,3.8055555555555554,2.8055555555555554,0.11911944444444446,0.005591666666666667
55,0.29,0.7680555555555555,3.388888888888889,2.4722222222222223,0.10908055555555557,0.004794444444444445
56,0.29,0.6612584175084175,6.166666666666667,3.861111111111111,0.13603055555555554,0.027783333333333333
57,0.29,0.7257275132275134,4.805555555555555,3.3055555555555554,0.09130277777777777,0.012408333333333334
58,0.29,0.7589285714285714,4.083333333333333,2.9722222222222223,0.1147888888888889,0.0077333333333333325
59,0.29,0.7703703703703703,3.5277777777777777,2.611111111111111,0.10877222222222221,0.007899999999999999
60,0.29,0.6632425444925444,6.138888888888889,3.861111111111111,0.13603055555555554,0.027783333333333333
61,0.29,0.7379960317460319,4.611111111111111,3.2777777777777777,0.09231666666666666,0.008425
62,0.29,0.7621693121693122,3.888888888888889,2.8333333333333335,0.12185277777777775,0.006541666666666667
63,0.29,0.6632425444925444,6.138888888888889,3.861111111111111,0.13603055555555554,0.027783333333333333
64,0.29,0.7379960317460319,4.611111111111111,3.2777777777777777,0.09231666666666666,0.008425
65,0.29,0.7672619047619048,3.8055555555555554,2.8055555555555554,0.11911944444444446,0.005591666666666667
66,0.29,0.6660203222703223,6.111111111111111,3.861111111111111,0.13603055555555554,0.027783333333333333
67,0.29,0.7418650793650793,4.444444444444445,3.1666666666666665,0.09013055555555555,0.009544444444444446
68,0.29,0.6660203222703223,6.111111111111111,3.861111111111111,0.13603055555555554,0.027783333333333333
69,0.29,0.7416005291005291,4.25,3.0555555555555554,0.08006388888888888,0.00855
70,0.29,0.670782227032227,6.055555555555555,3.861111111111111,0.13603055555555554,0.027783333333333333
71,0.29,0.7449074074074074,4.138888888888889,2.9444444444444446,0.09573055555555555,0.00878888888888889
72,0.29,0.6727663540163541,6.027777777777778,3.861111111111111,0.13603055555555554,0.027783333333333333
73,0.29,0.7478174603174603,4.027777777777778,2.888888888888889,0.10599444444444445,0.0058000000000000005
74,0.29,0.6755441317941318,6.0,3.861111111111111,0.13603055555555554,0.027783333333333333
75,0.29,0.6758046737213405,5.916666666666667,3.8333333333333335,0.13386944444444446,0.025994444444444445
76,0.29,0.6795083774250441,5.888888888888889,3.8333333333333335,0.13386944444444446,0.025994444444444445
77,0.29,0.6795083774250441,5.888888888888889,3.8333333333333335,0.13386944444444446,0.025994444444444445
78,0.29,0.6795083774250441,5.888888888888889,3.8333333333333335,0.13386944444444446,0.025994444444444445
79,0.29,0.6863205467372134,5.805555555555555,3.8333333333333335,0.13386944444444446,0.025994444444444445
80,0.29,0.6784501763668431,5.722222222222222,3.75,0.13178055555555557,0.024974999999999997
81,0.29,0.6767526455026455,5.666666666666667,3.7222222222222223,0.12413055555555556,0.022169444444444446
82,0.29,0.6876653439153438,5.583333333333333,3.7222222222222223,0.12413055555555556,0.022169444444444446
83,0.29,0.6876653439153438,5.583333333333333,3.7222222222222223,0.12413055555555556,0.022169444444444446
84,0.29,0.6876653439153438,5.583333333333333,3.7222222222222223,0.12413055555555556,0.022169444444444446
85,0.29,0.6841931216931217,5.527777777777778,3.6666666666666665,0.121175,0.021044444444444442
86,0.29,0.6897486772486773,5.5,3.6666666666666665,0.121175,0.021044444444444442
87,0.0,0.3996152448498041,43.61052631578947,17.13684210526316,2.626795789473684,1.3834684210526316
88,0.0,0.3996152448498041,43.61052631578947,17.13684210526316,2.626795789473684,1.3834684210526316
89,0.0,0.3977654822444934,40.22105263157895,15.705263157894738,2.6328010526315793,1.3787221052631575
90,0.0,0.3968546101906331,34.31578947368421,13.347368421052632,2.295489473684211,1.2702336842105264
91,0.0,0.3939912294386329,31.778947368421054,12.25263157894737,2.143191578947368,1.247176842105263
92,0.0,0.4006121008223569,29.326315789473686,11.442105263157895,2.075962105263157,1.2429252631578946
93,0.0,0.3994532930671391,27.25263157894737,10.6,1.9901368421052634,1.1860515789473685
94,0.0,0.4014310287552965,25.178947368421053,9.821052631578947,1.7860894736842108,1.0636873684210526
95,0.0,0.4014310287552965,25.178947368421053,9.821052631578947,1.7860894736842108,1.0636873684210526
96,0.0,0.40070157528991085,23.357894736842105,9.08421052631579,1.549383157894737,0.9566410526315791
97,0.0,0.4069657783216351,21.36842105263158,8.410526315789474,1.3656894736842105,0.8643021052631579
98,0.0,0.41606108141046366,19.621052631578948,7.873684210526315,1.2048515789473686,0.7323863157894739
99,0.0,0.4275442887657347,18.242105263157896,7.494736842105263,1.1594578947368421,0.6460905263157896
100,0.0,0.4367005356405113,16.852631578947367,7.08421052631579,1.0644189473684211,0.6198000000000001
101,0.0,0.44129267413039747,15.789473684210526,6.6947368421052635,0.9021084210526319,0.5411957894736843
102,0.6,0.4443501976368729,14.621052631578948,6.231578947368421,0.7687989473684211,0.41048526315789496
103,0.6,0.4443501976368729,14.621052631578948,6.231578947368421,0.7687989473684211,0.41048526315789496
104,0.6,0.4550782390161849,13.526315789473685,5.88421052631579,0.6733199999999999,0.33998000000000006
105,0.6,0.473568193931971,11.968421052631578,5.421052631578948,0.5962568421052631,0.24121473684210523
106,0.6,0.48252631025484205,11.389473684210527,5.252631578947368,0.5739778947368421,0.24398947368421056
107,0.6,0.4990725588481006,10.694736842105263,5.08421052631579,0.4839905263157894,0.19989684210526312
108,0.6,0.5127292556085126,10.021052631578947,4.91578947368421,0.40313263157894746,0.15767684210526317
109,0.6,0.5225306272674693,9.48421052631579,4.7368421052631575,0.31350631578947363,0.1163463157894737
110,0.6,0.5225306272674693,9.48421052631579,4.7368421052631575,0.31350631578947363,0.1163463157894737
111,0.0,0.534545980335454,9.042105263157895,4.610526315789474,0.3403284210526316,0.1043884210526316
112,0.0,0.3996152448498041,43.61052631578947,17.13684210526316,2.626795789473684,1.3834684210526316
113,0.0,0.3974949340792084,40.2,15.68421052631579,2.6396821052631583,1.377536842105263
114,0.0,0.3939213839785877,31.768421052631577,12.242105263157894,2.1382178947368415,1.2453505263157894
115,0.0,0.3994532930671391,27.25263157894737,10.6,1.9901368421052634,1.1860515789473685
116,0.0,0.40153717647754333,25.16842105263158,9.821052631578947,1.7860894736842108,1.0636873684210526
117,0.0,0.4069657783216351,21.36842105263158,8.410526315789474,1.3656894736842105,0.8643021052631579
118,0.0,0.4275442887657347,18.242105263157896,7.494736842105263,1.1594578947368421,0.6460905263157896
119,0.0,0.44129267413039747,15.789473684210526,6.6947368421052635,0.9021084210526319,0.5411957894736843
120,0.6,0.4442562126744669,14.6,6.221052631578948,0.7697315789473684,0.41021473684210547
121,0.6,0.47433374417120544,11.957894736842105,5.421052631578948,0.5962568421052631,0.24121473684210523
122,0.6,0.4990725588481006,10.694736842105263,5.08421052631579,0.4839905263157894,0.19989684210526312
123,0.6,0.5225306272674693,9.48421052631579,4.7368421052631575,0.31350631578947363,0.1163463157894737
124,0.0,0.39906831108539265,43.578947368421055,17.094736842105263,2.6186463157894733,1.3838778947368422
125,0.0,0.3965198589316569,34.26315789473684,13.31578947368421,2.2826452631578946,1.2735800000000002
126,0.0,0.3994532930671391,27.25263157894737,10.6,1.9901368421052634,1.1860515789473685
127,0.0,0.400262335793432,23.326315789473686,9.063157894736841,1.5519305263157894,0.9566463157894738
128,0.0,0.42772656263221914,18.231578947368423,7.494736842105263,1.1594578947368421,0.6460905263157896
129,0.6,0.4442562126744669,14.6,6.221052631578948,0.7697315789473684,0.41021473684210547
130,0.6,0.47574402979201735,11.926315789473684,5.421052631578948,0.5962568421052631,0.24121473684210523
131,0.6,0.5127292556085126,10.021052631578947,4.91578947368421,0.40313263157894746,0.15767684210526317
132,0.0,0.3986727717110681,43.54736842105263,17.063157894736843,2.6127,1.3766968421052632
133,0.0,0.3939213839785877,31.768421052631577,12.242105263157894,2.1382178947368415,1.2453505263157894
134,0.0,0.40143040060108437,25.094736842105263,9.789473684210526,1.7893357894736843,1.0593915789473685
135,0.0,0.42772656263221914,18.231578947368423,7.494736842105263,1.1594578947368421,0.6460905263157896
136,0.6,0.4439798117522859,14.536842105263158,6.189473684210526,0.7632484210526317,0.40341052631578966
137,0.6,0.4990725588481006,10.694736842105263,5.08421052631579,0.4839905263157894,0.19989684210526312
138,0.0,0.39844106092398507,43.43157894736842,17.010526315789473,2.6169968421052627,1.373153684210526
139,0.0,0.4005243161639351,29.305263157894736,11.43157894736842,2.0890957894736832,1.2391915789473684
140,0.0,0.40713372976590234,21.31578947368421,8.389473684210527,1.3656894736842105,0.8643021052631579
141,0.6,0.4439798117522859,14.536842105263158,6.189473684210526,0.7632484210526317,0.40341052631578966
142,0.6,0.49965735416973805,10.68421052631579,5.08421052631579,0.4839905263157894,0.19989684210526312
143,0.0,0.3987229227709362,43.33684210526316,16.978947368421053,2.6079694736842103,1.3679884210526312
144,0.0,0.39800042020466964,27.094736842105263,10.494736842105263,1.9946757894736842,1.1646736842105263
145,0.0,0.4287180289960173,18.147368421052633,7.473684210526316,1.1576578947368423,0.6441168421052632
146,0.6,0.47677577582376346,11.905263157894737,5.421052631578948,0.5962568421052631,0.24121473684210523
147,0.0,0.39865943886993016,43.23157894736842,16.936842105263157,2.6045810526315787,1.36126
148,0.0,0.40219549542425553,24.989473684210527,9.76842105263158,1.7822505263157897,1.0677326315789475
149,0.0,0.44212791052388717,15.631578947368421,6.6421052631578945,0.887484210526316,0.5366357894736843
150,0.0,0.39865943886993016,43.23157894736842,16.936842105263157,2.6045810526315787,1.36126
151,0.0,0.4017555541958312,24.926315789473684,9.726315789473684,1.7723242105263157,1.0667400000000002
152,0.6,0.4462873383827717,14.378947368421052,6.157894736842105,0.757921052631579,0.40133263157894755
153,0.0,0.3991472108319562,43.05263157894737,16.88421052631579,2.5938894736842104,1.349455789473684
154,0.0,0.4016625937018043,22.936842105263157,8.926315789473684,1.4913305263157899,0.9385389473684211
155,0.0,0.39899319692614693,42.810526315789474,16.778947368421054,2.5811252631578947,1.357995789473684
156,0.0,0.40496043183393954,20.91578947368421,8.189473684210526,1.2541747368421052,0.7917136842105262
157,0.0,0.39858959255774296,42.6,16.66315789473684,2.5749252631578945,1.3495915789473683
158,0.0,0.41816341173403565,19.042105263157893,7.673684210526316,1.1242736842105265,0.6917263157894739
159,0.0,0.39715958333882934,42.22105263157895,16.45263157894737,2.5490957894736836,1.3435810526315788
160,0.0,0.4335404516691636,17.652631578947368,7.347368421052631,1.1098484210526316,0.634464210526316
161,0.0,0.3969683279345849,41.90526315789474,16.31578947368421,2.5691999999999995,1.3395526315789472
162,0.0,0.39716566978651996,41.51578947368421,16.16842105263158,2.549254736842105,1.33616
163,0.0,0.398664440146714,41.09473684210526,16.063157894736843,2.554818947368421,1.3510568421052633
164,0.0,0.398664440146714,41.09473684210526,16.063157894736843,2.554818947368421,1.3510568421052633
165,0.0,0.39918423052405666,40.63157894736842,15.905263157894737,2.5277715789473683,1.3435915789473685
166,0.0,0.4022378006494231,39.44210526315789,15.526315789473685,2.5060294736842104,1.3604389473684209
167,0.0,0.40240082732249977,38.88421052631579,15.326315789473684,2.510073684210526,1.379561052631579
168,0.0,0.4025571288789829,38.14736842105263,15.021052631578947,2.528291578947368,1.3686736842105263
169,0.0,0.4033115319778015,37.54736842105263,14.778947368421052,2.532002105263158,1.386677894736842
170,0.0,0.4027626172565478,36.92631578947368,14.547368421052632,2.4911894736842104,1.3646021052631576
171,0.0,0.4027626172565478,36.92631578947368,14.547368421052632,2.4911894736842104,1.3646021052631576
172,0.0,0.40302181182003327,36.26315789473684,14.31578947368421,2.4757252631578948,1.3632399999999998
173,0.0,0.3989909878071665,35.55789473684211,13.905263157894737,2.4041705263157893,1.3107010526315788
174,0.67,0.3940053684746298,13.928571428571429,5.166666666666667,0.3074190476190476,0.11027619047619049
175,0.67,0.3940053684746298,13.928571428571429,5.166666666666667,0.3074190476190476,0.11027619047619049
176,0.67,0.40273550756744025,13.071428571428571,5.0,0.28168333333333334,0.10131190476190476
177,0.67,0.45866491312919877,11.119047619047619,4.809523809523809,0.26539285714285715,0.09180238095238097
178,0.67,0.47190196591457095,10.5,4.666666666666667,0.24133571428571426,0.08081666666666668
179,0.67,0.4856724624581767,10.023809523809524,4.619047619047619,0.23116666666666666,0.07280238095238097
180,0.67,0.5068954854669141,9.428571428571429,4.5476190476190474,0.2502357142857143,0.07095238095238095
181,0.67,0.5350357314643028,8.976190476190476,4.523809523809524,0.21531190476190473,0.05111904761904761
182,0.67,0.5350357314643028,8.976190476190476,4.523809523809524,0.21531190476190473,0.05111904761904761
183,0.67,0.5587793159221731,8.404761904761905,4.380952380952381,0.21415238095238096,0.04973333333333333
184,0.67,0.573709029066172,8.142857142857142,4.357142857142857,0.2171357142857143,0.04219761904761905
185,0.67,0.5799839710553997,7.785714285714286,4.214285714285714,0.1842261904761905,0.03741666666666667
186,0.67,0.5936804597518883,7.523809523809524,4.166666666666667,0.1808904761904762,0.03493333333333334
187,0.67,0.6063105545248403,7.309523809523809,4.119047619047619,0.18466190476190475,0.031838095238095235
188,0.67,0.6206366384937814,7.0,4.0476190476190474,0.1715785714285714,0.03380952380952381
189,0.56,0.630486841201127,6.761904761904762,3.9761904761904763,0.16221666666666668,0.03439523809523809
190,0.56,0.630486841201127,6.761904761904762,3.9761904761904763,0.16221666666666668,0.03439523809523809
191,0.56,0.6423821548821549,6.5476190476190474,3.9285714285714284,0.17481190476190478,0.041761904761904764
192,0.56,0.6670351473922902,6.119047619047619,3.7857142857142856,0.17305714285714285,0.03409285714285714
193,0.56,0.6830971277399849,5.904761904761905,3.761904761904762,0.1518095238095238,0.028726190476190478
194,0.56,0.6901738473167044,5.785714285714286,3.761904761904762,0.14520714285714287,0.028926190476190477
195,0.56,0.7084467120181406,5.5,3.738095238095238,0.1662047619047619,0.030645238095238097
196,0.56,0.7135393046107332,5.357142857142857,3.6666666666666665,0.16798809523809521,0.02845952380952381
197,0.56,0.7135393046107332,5.357142857142857,3.6666666666666665,0.16798809523809521,0.02845952380952381
198,0.56,0.705650037792895,5.214285714285714,3.4761904761904763,0.1467809523809524,0.02335238095238095
199,0.67,0.3940053684746298,13.928571428571429,5.166666666666667,0.3074190476190476,0.11027619047619049
200,0.67,0.40273550756744025,13.071428571428571,5.0,0.28168333333333334,0.10131190476190476
201,0.67,0.47190196591457095,10.5,4.666666666666667,0.24133571428571426,0.08081666666666668
202,0.67,0.5068954854669141,9.428571428571429,4.5476190476190474,0.2502357142857143,0.07095238095238095
203,0.67,0.5350357314643028,8.976190476190476,4.523809523809524,0.21531190476190473,0.05111904761904761
204,0.67,0.573709029066172,8.142857142857142,4.357142857142857,0.2171357142857143,0.04219761904761905
205,0.67,0.5936804597518883,7.523809523809524,4.166666666666667,0.1808904761904762,0.03493333333333334
206,0.67,0.6206366384937814,7.0,4.0476190476190474,0.1715785714285714,0.03380952380952381
207,0.56,0.630486841201127,6.761904761904762,3.9761904761904763,0.16221666666666668,0.03439523809523809
208,0.56,0.6670351473922902,6.119047619047619,3.7857142857142856,0.17305714285714285,0.03409285714285714
209,0.56,0.6901738473167044,5.785714285714286,3.761904761904762,0.14520714285714287,0.028926190476190477
210,0.56,0.7135393046107332,5.357142857142857,3.6666666666666665,0.16798809523809521,0.02845952380952381
211,0.67,0.3940053684746298,13.928571428571429,5.166666666666667,0.3074190476190476,0.11027619047619049
212,0.67,0.45866491312919877,11.119047619047619,4.809523809523809,0.26539285714285715,0.09180238095238097
213,0.67,0.5068954854669141,9.428571428571429,4.5476190476190474,0.2502357142857143,0.07095238095238095
214,0.67,0.5587793159221731,8.404761904761905,4.380952380952381,0.21415238095238096,0.04973333333333333
215,0.67,0.5936804597518883,7.523809523809524,4.166666666666667,0.1808904761904762,0.03493333333333334
216,0.56,0.630486841201127,6.761904761904762,3.9761904761904763,0.16221666666666668,0.03439523809523809
217,0.56,0.6670351473922902,6.119047619047619,3.7857142857142856,0.17305714285714285,0.03409285714285714
218,0.56,0.7084467120181406,5.5,3.738095238095238,0.1662047619047619,0.030645238095238097
219,0.67,0.39502577663789507,13.880952380952381,5.166666666666667,0.3074190476190476,0.11027619047619049
220,0.67,0.47190196591457095,10.5,4.666666666666667,0.24133571428571426,0.08081666666666668
221,0.67,0.5350357314643028,8.976190476190476,4.523809523809524,0.21531190476190473,0.05111904761904761
222,0.67,0.5936804597518883,7.523809523809524,4.166666666666667,0.1808904761904762,0.03493333333333334
223,0.56,0.630486841201127,6.761904761904762,3.9761904761904763,0.16221666666666668,0.03439523809523809
224,0.56,0.6901738473167044,5.785714285714286,3.761904761904762,0.14520714285714287,0.028926190476190477
225,0.67,0.39502577663789507,13.880952380952381,5.166666666666667,0.3074190476190476,0.11027619047619049
226,0.67,0.4856724624581767,10.023809523809524,4.619047619047619,0.23116666666666666,0.07280238095238097
227,0.67,0.573709029066172,8.142857142857142,4.357142857142857,0.2171357142857143,0.04219761904761905
228,0.56,0.630486841201127,6.761904761904762,3.9761904761904763,0.16221666666666668,0.03439523809523809
229,0.56,0.6901738473167044,5.785714285714286,3.761904761904762,0.14520714285714287,0.028926190476190477
230,0.67,0.3954434875819218,13.857142857142858,5.166666666666667,0.3074190476190476,0.11027619047619049
231,0.67,0.5068954854669141,9.428571428571429,4.5476190476190474,0.2502357142857143,0.07095238095238095
232,0.67,0.5924594585308871,7.5,4.142857142857143,0.1772809523809524,0.03215952380952382
233,0.56,0.6670351473922902,6.095238095238095,3.7857142857142856,0.17305714285714285,0.03409285714285714
234,0.67,0.39771898985742415,13.785714285714286,5.166666666666667,0.3074190476190476,0.11027619047619049
235,0.67,0.5357160035731464,8.952380952380953,4.523809523809524,0.21531190476190473,0.05111904761904761
236,0.67,0.6214637875352162,6.9523809523809526,4.023809523809524,0.16402380952380952,0.031026190476190475
237,0.67,0.39771898985742415,13.785714285714286,5.166666666666667,0.3074190476190476,0.11027619047619049
238,0.67,0.5357160035731464,8.952380952380953,4.523809523809524,0.21531190476190473,0.05111904761904761
239,0.56,0.630486841201127,6.738095238095238,3.9761904761904763,0.16221666666666668,0.03439523809523809
240,0.67,0.39987532022582883,13.666666666666666,5.142857142857143,0.304952380952381,0.1087952380952381
241,0.67,0.5576019218876362,8.380952380952381,4.357142857142857,0.21054285714285711,0.046959523809523805
242,0.67,0.40411086059582296,13.571428571428571,5.142857142857143,0.304952380952381,0.1087952380952381
243,0.67,0.5738543863543865,8.095238095238095,4.333333333333333,0.21352619047619048,0.03942380952380953
244,0.67,0.4045563379320566,13.523809523809524,5.119047619047619,0.30529285714285714,0.10861666666666668
245,0.67,0.5834398405826978,7.690476190476191,4.190476190476191,0.18061666666666665,0.03464285714285714
246,0.67,0.4070071071204419,13.428571428571429,5.119047619047619,0.30529285714285714,0.10861666666666668
247,0.67,0.6029564350992922,7.380952380952381,4.142857142857143,0.1772809523809524,0.03215952380952382
248,0.67,0.40423249105801073,13.261904761904763,5.0476190476190474,0.298302380952381,0.10416190476190477
249,0.67,0.40820418769888034,13.142857142857142,5.0476190476190474,0.298302380952381,0.10416190476190477
250,0.67,0.40869882335218466,13.047619047619047,5.023809523809524,0.2956738095238095,0.10594523809523812
251,0.67,0.40869882335218466,13.047619047619047,5.023809523809524,0.2956738095238095,0.10594523809523812
252,0.67,0.41112116175141383,12.904761904761905,5.0,0.32646190476190473,0.11811666666666668
253,0.67,0.418133924121319,12.619047619047619,5.0,0.32646190476190473,0.11811666666666668
254,0.67,0.41793393348015195,12.476190476190476,4.9523809523809526,0.3271071428571429,0.11526190476190479
255,0.67,0.42068212871784294,12.333333333333334,4.928571428571429,0.32701666666666673,0.11581428571428574
256,0.67,0.4234779925956397,12.166666666666666,4.904761904761905,0.32028333333333336,0.11193333333333336
257,0.67,0.4262415980378164,12.023809523809524,4.904761904761905,0.32028333333333336,0.11193333333333336
258,0.67,0.4262415980378164,12.023809523809524,4.904761904761905,0.32028333333333336,0.11193333333333336
259,0.67,0.43109781985832396,11.80952380952381,4.857142857142857,0.3150071428571429,0.11072857142857144
260,0.67,0.4352130168306639,11.642857142857142,4.833333333333333,0.30639523809523805,0.09492380952380952
261,0.0,0.21023119344982977,58.5,12.264705882352942,1.8240529411764705,1.0346
262,0.0,0.21023119344982977,58.5,12.264705882352942,1.8240529411764705,1.0346
263,0.0,0.20850603317607225,53.73529411764706,11.147058823529411,1.6502676470588238,1.0021176470588236
264,0.0,0.21115704916381275,45.61764705882353,9.558823529411764,1.3472882352941176,0.8599058823529413
265,0.0,0.21940346423049428,42.294117647058826,9.176470588235293,1.1876235294117647,0.6695205882352941
266,0.0,0.22696005011808534,38.85294117647059,8.647058823529411,1.0087029411764703,0.6468088235294118
267,0.0,0.2296869811484889,35.794117647058826,8.058823529411764,0.9410911764705884,0.5611352941176471
268,0.0,0.23617988789928834,33.14705882352941,7.647058823529412,0.7794294117647059,0.41141176470588237
269,0.0,0.23617988789928834,33.14705882352941,7.647058823529412,0.7794294117647059,0.41141176470588237
270,0.0,0.24339678763499595,30.61764705882353,7.235294117647059,0.7114470588235294,0.35767941176470586
271,0.0,0.2503436789073919,28.352941176470587,6.9411764705882355,0.6732088235294117,0.3225823529411765
272,0.0,0.26272170425983615,26.323529411764707,6.735294117647059,0.5541411764705882,0.2889176470588235
273,0.0,0.2668409676793421,24.705882352941178,6.411764705882353,0.5135470588235294,0.2769794117647059
274,0.0,0.282388472467856,22.970588235294116,6.294117647058823,0.5258088235294118,0.27901764705882354
275,0.0,0.29858823895902353,21.058823529411764,6.088235294117647,0.47498235294117647,0.22570294117647058
276,0.0,0.31329093126608093,19.676470588235293,5.9411764705882355,0.4622558823529412,0.21814411764705885
277,0.0,0.31329093126608093,19.676470588235293,5.9411764705882355,0.4622558823529412,0.21814411764705885
278,0.0,0.32974833360094224,18.294117647058822,5.764705882352941,0.43294411764705887,0.17918823529411765
279,0.0,0.3487511540267829,16.176470588235293,5.382352941176471,0.3669823529411765,0.12425588235294116
280,0.0,0.37746525856728913,15.0,5.352941176470588,0.3565735294117647,0.11651470588235294
281,0.5,0.4045807840301102,13.735294117647058,5.235294117647059,0.3501058823529412,0.11153823529411766
282,0.5,0.4147079395998081,13.117647058823529,5.117647058823529,0.3159735294117647,0.10036176470588236
283,0.5,0.45259852844195403,11.941176470588236,5.0588235294117645,0.27858823529411764,0.08314117647058825
284,0.5,0.45259852844195403,11.941176470588236,5.0588235294117645,0.27858823529411764,0.08314117647058825
285,0.5,0.4807384608855197,11.264705882352942,5.0588235294117645,0.2727882352941176,0.08228529411764705
286,0.0,0.21023119344982977,58.5,12.264705882352942,1.8240529411764705,1.0346
287,0.0,0.20859157770588843,53.705882352941174,11.147058823529411,1.6502676470588238,1.0021176470588236
288,0.0,0.21965062191709833,42.26470588235294,9.176470588235293,1.1876235294117647,0.6695205882352941
289,0.0,0.2296869811484889,35.794117647058826,8.058823529411764,0.9410911764705884,0.5611352941176471
290,0.0,0.23617988789928834,33.14705882352941,7.647058823529412,0.7794294117647059,0.41141176470588237
291,0.0,0.2503436789073919,28.352941176470587,6.9411764705882355,0.6732088235294117,0.3225823529411765
292,0.0,0.2668409676793421,24.705882352941178,6.411764705882353,0.5135470588235294,0.2769794117647059
293,0.0,0.29858823895902353,21.058823529411764,6.088235294117647,0.47498235294117647,0.22570294117647058
294,0.0,0.3135815613521074,19.647058823529413,5.9411764705882355,0.4622558823529412,0.21814411764705885
295,0.0,0.3487511540267829,16.176470588235293,5.382352941176471,0.3669823529411765,0.12425588235294116
296,0.5,0.4045807840301102,13.735294117647058,5.235294117647059,0.3501058823529412,0.11153823529411766
297,0.5,0.45259852844195403,11.941176470588236,5.0588235294117645,0.27858823529411764,0.08314117647058825
298,0.0,0.21042164891045992,58.44117647058823,12.264705882352942,1.8240529411764705,1.0346
299,0.0,0.21173404770930515,45.529411764705884,9.558823529411764,1.3472882352941176,0.8599058823529413
300,0.0,0.2296869811484889,35.794117647058826,8.058823529411764,0.9410911764705884,0.5611352941176471
301,0.0,0.24374692769101838,30.558823529411764,7.235294117647059,0.7114470588235294,0.35767941176470586
302,0.0,0.2670923502836659,24.676470588235293,6.411764705882353,0.5135470588235294,0.2769794117647059
303,0.0,0.3135815613521074,19.647058823529413,5.9411764705882355,0.4622558823529412,0.21814411764705885
304,0.0,0.3496938387929971,16.147058823529413,5.382352941176471,0.3669823529411765,0.12425588235294116
305,0.5,0.4147079395998081,13.117647058823529,5.117647058823529,0.3159735294117647,0.10036176470588236
306,0.0,0.2108524936299881,58.3235294117647,12.264705882352942,1.8240529411764705,1.0346
307,0.0,0.21965062191709833,42.26470588235294,9.176470588235293,1.1876235294117647,0.6695205882352941
308,0.0,0.23710323492151783,33.05882352941177,7.647058823529412,0.7794294117647059,0.41141176470588237
309,0.0,0.2670923502836659,24.676470588235293,6.411764705882353,0.5135470588235294,0.2769794117647059
310,0.0,0.31380294022623767,19.61764705882353,5.9411764705882355,0.4622558823529412,0.21814411764705885
311,0.5,0.4045807840301102,13.735294117647058,5.235294117647059,0.3501058823529412,0.11153823529411766
312,0.0,0.2108962611369909,58.294117647058826,12.264705882352942,1.8240529411764705,1.0346
313,0.0,0.227080098137293,38.8235294117647,8.647058823529411,1.0087029411764703,0.6468088235294118
314,0.0,0.25056505778152216,28.323529411764707,6.9411764705882355,0.6732088235294117,0.3225823529411765
315,0.0,0.31380294022623767,19.61764705882353,5.9411764705882355,0.4622558823529412,0.21814411764705885
316,0.5,0.4045807840301102,13.705882352941176,5.235294117647059,0.3501058823529412,0.11153823529411766
317,0.0,0.21097116600470464,58.1764705882353,12.235294117647058,1.8145323529411765,1.0229617647058822
318,0.0,0.22943279037066422,35.61764705882353,8.0,0.9384882352941177,0.5577323529411765
319,0.0,0.26834231580469237,24.529411764705884,6.411764705882353,0.5135470588235294,0.2769794117647059
320,0.0,0.35150820090147683,16.08823529411765,5.382352941176471,0.3669823529411765,0.12425588235294116
321,0.0,0.21056793377301894,58.029411764705884,12.176470588235293,1.770294117647059,1.0353352941176468
322,0.0,0.23771947445302252,32.970588235294116,7.647058823529412,0.7794294117647059,0.41141176470588237
323,0.0,0.3012628966834713,20.91176470588235,6.088235294117647,0.47498235294117647,0.22570294117647058
324,0.0,0.21056793377301894,58.029411764705884,12.176470588235293,1.770294117647059,1.0353352941176468
325,0.0,0.23825788327316508,32.911764705882355,7.647058823529412,0.7794294117647059,0.41141176470588237
326,0.0,0.31766972871291793,19.441176470588236,5.9411764705882355,0.4622558823529412,0.21814411764705885
327,0.0,0.2104172840440396,57.794117647058826,12.117647058823529,1.7712941176470591,1.0041970588235294
328,0.0,0.24564463550319077,30.11764705882353,7.205882352941177,0.6713529411764706,0.37422647058823527
329,0.0,0.21012512941627104,57.61764705882353,12.058823529411764,1.7657264705882356,1.0084294117647057
330,0.0,0.25262800637133626,27.91176470588235,6.911764705882353,0.6338323529411765,0.3262735294117647
331,0.0,0.20896681881604562,57.23529411764706,11.911764705882353,1.7436176470588238,0.9826470588235293
332,0.0,0.2682563359540713,25.794117647058822,6.735294117647059,0.5541411764705882,0.2889176470588235
333,0.0,0.20913666904868572,56.794117647058826,11.823529411764707,1.7325382352941179,0.9768411764705881
334,0.0,0.27636367725171623,23.941176470588236,6.411764705882353,0.5135470588235294,0.2769794117647059
335,0.0,0.2061623422185133,56.205882352941174,11.529411764705882,1.5748911764705884,0.9242588235294117
336,0.0,0.20638655436700493,55.794117647058826,11.470588235294118,1.5506647058823528,0.8947088235294117
337,0.0,0.20595651343985893,55.411764705882355,11.352941176470589,1.5207441176470589,0.8431588235294116
338,0.0,0.20595651343985893,55.411764705882355,11.352941176470589,1.5207441176470589,0.8431588235294116
339,0.0,0.20802777317726084,54.911764705882355,11.352941176470589,1.5207441176470589,0.8431588235294116
340,0.0,0.20993673878184782,53.61764705882353,11.176470588235293,1.464185294117647,0.8587558823529411
341,0.0,0.21191954733689516,53.0,11.147058823529411,1.4862941176470588,0.8642147058823529
342,0.0,0.2110695746421911,52.5,11.0,1.5104088235294117,0.9152323529411764
343,0.0,0.2103980018269461,51.970588235294116,10.852941176470589,1.389541176470588,0.8647764705882353
344,0.0,0.20910308655708537,51.11764705882353,10.588235294117647,1.2142882352941178,0.7255235294117647
345,0.0,0.20910308655708537,51.11764705882353,10.588235294117647,1.2142882352941178,0.7255235294117647
346,0.0,0.2114907853367599,50.05882352941177,10.470588235294118,1.1692588235294117,0.7174470588235294
347,0.0,0.2123753307874659,49.05882352941177,10.323529411764707,1.2015294117647057,0.7015529411764706
348,0.0,0.4853469184874106,93.51515151515152,45.57575757575758,3.9500181818181823,1.4478757575757575
349,0.0,0.4853469184874106,93.51515151515152,45.57575757575758,3.9500181818181823,1.4478757575757575
350,0.0,0.46884464428957257,86.18181818181819,40.63636363636363,3.953487878787879,1.3884454545454545
351,0.0,0.444452316435875,71.66666666666667,31.757575757575758,3.908609090909091,1.400560606060606
352,0.0,0.4287019457709758,65.93939393939394,28.393939393939394,4.014472727272727,1.3757666666666666
353,0.0,0.4158751578305281,60.333333333333336,25.303030303030305,4.049251515151515,1.4221818181818182
354,0.0,0.4061022361564383,55.515151515151516,22.87878787878788,3.9545424242424243,1.4423787878787881
355,0.0,0.3971806024766925,50.696969696969695,20.515151515151516,3.8673757575757572,1.4901909090909093
356,0.0,0.3971806024766925,50.696969696969695,20.515151515151516,3.8673757575757572,1.4901909090909093
357,0.0,0.37371879745095493,46.42424242424242,17.757575757575758,3.761151515151515,1.5067909090909093
358,0.0,0.3719415546188053,42.63636363636363,16.272727272727273,3.6215939393939394,1.3958151515151516
359,0.0,0.3625557693181394,38.515151515151516,14.272727272727273,3.4828727272727273,1.4126
360,0.0,0.3506773616747842,34.96969696969697,12.636363636363637,3.2825757575757573,1.271278787878788
361,0.0,0.3381084805787876,32.03030303030303,11.090909090909092,3.1950969696969693,1.336839393939394
362,0.0,0.3264467112094926,28.666666666666668,9.696969696969697,3.0532727272727276,1.1262333333333334
363,0.0,0.3164411846510797,25.96969696969697,8.515151515151516,3.030787878787879,1.057918181818182
364,0.0,0.3164411846510797,25.96969696969697,8.515151515151516,3.030787878787879,1.057918181818182
365,0.0,0.2939029282312563,23.818181818181817,7.303030303030303,2.4303545454545454,0.8140454545454546
366,0.0,0.28584018785193,19.90909090909091,5.9393939393939394,1.9462060606060607,0.584669696969697
367,0.0,0.29085685589250654,18.21212121212121,5.454545454545454,1.5807818181818183,0.5264515151515152
368,0.27,0.3001739225483602,16.606060606060606,5.121212121212121,1.3784030303030304,0.4061969696969698
369,0.0,0.2800722747246811,14.93939393939394,4.363636363636363,1.2613787878787879,0.247569696969697
370,0.27,0.27856161885166764,13.666666666666666,3.9393939393939394,0.8450575757575757,0.11384545454545454
371,0.27,0.27856161885166764,13.666666666666666,3.9393939393939394,0.8450575757575757,0.11384545454545454
372,0.0,0.2904359107602845,12.484848484848484,3.696969696969697,0.9093181818181818,0.08622727272727272
373,0.0,0.4853469184874106,93.51515151515152,45.57575757575758,3.9500181818181823,1.4478757575757575
374,0.0,0.4689763965952379,86.12121212121212,40.60606060606061,3.953487878787879,1.3884454545454545
375,0.0,0.4287019457709758,65.93939393939394,28.393939393939394,4.014472727272727,1.3757666666666666
376,0.0,0.4061022361564383,55.515151515151516,22.87878787878788,3.9545424242424243,1.4423787878787881
377,0.0,0.397398951379252,50.666666666666664,20.515151515151516,3.872554545454545,1.4995454545454545
378,0.0,0.3713109747199327,42.60606060606061,16.242424242424242,3.608442424242424,1.3877424242424243
379,0.0,0.35101406201148455,34.93939393939394,12.636363636363637,3.2825757575757573,1.271278787878788
380,0.0,0.3264467112094926,28.666666666666668,9.696969696969697,3.0532727272727276,1.1262333333333334
381,0.0,0.3146238102182992,25.87878787878788,8.424242424242424,2.9824151515151516,1.1112818181818183
382,0.0,0.28584018785193,19.90909090909091,5.9393939393939394,1.9462060606060607,0.584669696969697
383,0.27,0.3001739225483602,16.606060606060606,5.121212121212121,1.3784030303030304,0.4061969696969698
384,0.27,0.27856161885166764,13.666666666666666,3.9393939393939394,0.8450575757575757,0.11384545454545454
385,0.0,0.4856577187982109,93.45454545454545,45.57575757575758,3.950224242424243,1.4476757575757575
386,0.0,0.4447845690645147,71.60606060606061,31.757575757575758,3.908609090909091,1.400560606060606
387,0.0,0.4061022361564383,55.515151515151516,22.87878787878788,3.9545424242424243,1.4423787878787881
388,0.0,0.37311178688189894,46.24242424242424,17.666666666666668,3.737678787878788,1.5115060606060609
389,0.0,0.35101406201148455,34.93939393939394,12.636363636363637,3.2825757575757573,1.271278787878788
390,0.0,0.3146238102182992,25.87878787878788,8.424242424242424,2.9824151515151516,1.1112818181818183
391,0.0,0.28584018785193,19.90909090909091,5.9393939393939394,1.9462060606060607,0.584669696969697
392,0.0,0.2802121348645413,14.878787878787879,4.333333333333333,1.2613787878787879,0.247569696969697
393,0.0,0.4859074471975456,93.36363636363636,45.54545454545455,3.950224242424243,1.4476757575757575
394,0.0,0.4288648288006002,65.9090909090909,28.393939393939394,4.014472727272727,1.3757666666666666
395,0.0,0.3968461724977893,50.42424242424242,20.393939393939394,3.8645545454545456,1.5180121212121211
396,0.0,0.35101406201148455,34.93939393939394,12.636363636363637,3.2825757575757573,1.271278787878788
397,0.0,0.31494223709998403,25.666666666666668,8.363636363636363,2.981327272727273,1.1090636363636364
398,0.27,0.30034658938769365,16.545454545454547,5.090909090909091,1.3784030303030304,0.4061969696969698
399,0.0,0.48633529939310105,93.15151515151516,45.484848484848484,3.944272727272727,1.4448969696969696
400,0.0,0.4162960226817053,60.27272727272727,25.303030303030305,4.06449393939394,1.4402242424242424
401,0.0,0.3713182957140958,42.36363636363637,16.151515151515152,3.5960515151515153,1.4099666666666668
402,0.0,0.31494223709998403,25.666666666666668,8.363636363636363,2.981327272727273,1.1090636363636364
403,0.27,0.30034658938769365,16.545454545454547,5.090909090909091,1.3784030303030304,0.4061969696969698
404,0.0,0.486039182668933,93.06060606060606,45.42424242424242,3.953206060606061,1.4519242424242425
405,0.0,0.40561107711191874,55.09090909090909,22.696969696969695,3.9443303030303034,1.4676606060606063
406,0.0,0.3483879576875266,34.666666666666664,12.454545454545455,3.263069696969697,1.3115666666666668
407,0.0,0.2867500060031274,19.818181818181817,5.909090909090909,1.9462060606060607,0.584669696969697
408,0.0,0.4861144799752057,92.6969696969697,45.21212121212121,3.949036363636364,1.4586515151515151
409,0.0,0.3949738418010191,50.15151515151515,20.21212121212121,3.7942454545454547,1.5030181818181818
410,0.0,0.3224299187994415,28.060606060606062,9.393939393939394,3.070718181818182,1.0755969696969696
411,0.0,0.4861144799752057,92.6969696969697,45.21212121212121,3.949036363636364,1.4586515151515151
412,0.0,0.39609329322165077,50.0,20.181818181818183,3.836230303030303,1.4960848484848486
413,0.0,0.3101429089831798,25.242424242424242,8.121212121212121,2.847357575757576,1.0896272727272729
414,0.0,0.48622335593624333,92.33333333333333,45.03030303030303,3.9505878787878785,1.4571242424242423
415,0.0,0.37364107761549475,45.06060606060606,17.242424242424242,3.7888151515151516,1.5423727272727272
416,0.0,0.48562458602361674,91.72727272727273,44.696969696969695,3.9733242424242423,1.4400909090909089
417,0.0,0.3698174847145032,41.06060606060606,15.606060606060606,3.499966666666667,1.3719575757575757
418,0.0,0.48529484350964225,91.0909090909091,44.333333333333336,3.9716393939393937,1.4396575757575756
419,0.0,0.3520734946314569,36.63636363636363,13.181818181818182,3.360154545454545,1.3704454545454545
420,0.0,0.4855303165138675,90.15151515151516,43.93939393939394,3.9873000000000003,1.4349333333333334
421,0.0,0.34121057243797354,33.15151515151515,11.696969696969697,3.2536030303030303,1.287430303030303
422,0.0,0.48279277313750546,89.36363636363636,43.36363636363637,3.9697999999999998,1.4476060606060603
423,0.0,0.4807822911804419,88.60606060606061,42.84848484848485,4.036569696969696,1.4481666666666666
424,0.0,0.4757675399154485,87.48484848484848,41.93939393939394,3.9819090909090917,1.4633454545454547
425,0.0,0.4757675399154485,87.48484848484848,41.93939393939394,3.9819090909090917,1.4633454545454547
426,0.0,0.47561766886594137,86.21212121212122,41.333333333333336,3.9910090909090914,1.4309757575757576
427,0.0,0.4742714007401153,83.27272727272727,39.78787878787879,3.9754545454545456,1.4332030303030303
428,0.0,0.47187192053891713,81.9090909090909,38.93939393939394,3.9963939393939394,1.4431727272727273
429,0.0,0.4645041645426194,80.21212121212122,37.60606060606061,3.961348484848484,1.4175454545454544
430,0.0,0.45958445934982267,78.24242424242425,36.24242424242424,3.9553909090909087,1.4356212121212122
431,0.0,0.45701704608730903,76.12121212121212,35.06060606060606,4.067315151515151,1.3980969696969696
432,0.0,0.45701704608730903,76.12121212121212,35.06060606060606,4.067315151515151,1.3980969696969696
433,0.0,0.4562869077128074,74.51515151515152,34.303030303030305,4.058818181818182,1.3752393939393937
434,0.0,0.45071531845656443,72.60606060606061,33.03030303030303,4.044406060606061,1.3968393939393942
435,0.0,0.24251205239899526,43.55,10.7,2.77786,0.9852725
436,0.0,0.24251205239899526,43.55,10.7,2.77786,0.9852725
437,0.0,0.23877878190820656,40.05,9.725,2.781265,0.98016
438,0.0,0.22988120054409805,33.775,7.95,2.12494,0.7401475
439,0.0,0.2348042324228432,31.3,7.5,2.1076875,0.8222124999999998
440,0.0,0.23724413343740852,28.55,6.875,1.6219875000000001,0.6822699999999999
441,0.0,0.24268717721789246,26.5,6.5,1.7498425000000002,0.7348549999999999
442,0.0,0.24052402144091117,24.7,6.0,1.5820525,0.6065474999999999
443,0.0,0.24052402144091117,24.7,6.0,1.5820525,0.6065474999999999
444,0.0,0.2484827542744632,22.825,5.65,1.4614375000000002,0.622245
445,0.0,0.24593105304448057,21.075,5.1,1.2254099999999999,0.4307625
446,0.0,0.2527253376533132,19.275,4.8,1.1573425,0.40801999999999994
447,0.0,0.26478835007522966,17.575,4.575,1.0206250000000001,0.3039525
448,0.0,0.257290050152376,16.55,4.2,0.8597925,0.20699499999999998
449,0.0,0.26344470024084965,15.55,4.075,0.8810749999999998,0.17748750000000002
450,0.0,0.26966543302683765,14.625,3.9,0.8219875000000002,0.16574250000000001
451,0.0,0.26966543302683765,14.625,3.9,0.8219875000000002,0.16574250000000001
452,0.0,0.27970929998793775,13.5,3.65,0.6383,0.14832499999999998
453,0.0,0.28945816234419175,11.525,3.15,0.5299975,0.0863275
454,0.0,0.29830767680032383,10.8,3.0,0.5114224999999999,0.058730000000000004
455,0.0,0.3031898492589282,9.975,2.8,0.3101225,0.023795
456,0.62,0.3153326248914484,9.3,2.725,0.318025,0.0242975
457,0.85,0.323897977022977,8.45,2.525,0.24288249999999997,0.0
458,0.85,0.323897977022977,8.45,2.525,0.24288249999999997,0.0
459,0.62,0.3574364871239871,7.675,2.5,0.27260999999999996,0.0
460,0.0,0.24251205239899526,43.55,10.7,2.77786,0.9852725
461,0.0,0.23892370944443844,40.025,9.725,2.781265,0.98016
462,0.0,0.23424554403520742,31.275,7.475,2.0441425000000004,0.79802
463,0.0,0.24268717721789246,26.5,6.5,1.7498425000000002,0.7348549999999999
464,0.0,0.24052402144091117,24.7,6.0,1.5820525,0.6065474999999999
465,0.0,0.24505010066352823,21.025,5.075,1.212065,0.42651500000000003
466,0.0,0.26478835007522966,17.575,4.575,1.0206250000000001,0.3039525
467,0.0,0.26344470024084965,15.55,4.075,0.8810749999999998,0.17748750000000002
468,0.0,0.2699618757145847,14.6,3.9,0.8219875000000002,0.16574250000000001
469,0.0,0.28945816234419175,11.525,3.15,0.5299975,0.0863275
470,0.0,0.30337924319832216,9.95,2.8,0.3101225,0.023795
471,0.85,0.323897977022977,8.45,2.525,0.24288249999999997,0.0
472,0.0,0.24251205239899526,43.55,10.7,2.77786,0.9852725
473,0.0,0.22905353554050048,33.7,7.9,2.0554575,0.7268675
474,0.0,0.24268717721789246,26.5,6.5,1.7498425000000002,0.7348549999999999
475,0.0,0.24767911347082242,22.775,5.625,1.4631175,0.6145125
476,0.0,0.26478835007522966,17.575,4.575,1.0206250000000001,0.3039525
477,0.0,0.2699618757145847,14.6,3.9,0.8219875000000002,0.16574250000000001
478,0.0,0.2904051320411615,11.5,3.15,0.5299975,0.0863275
479,0.62,0.3153326248914484,9.3,2.725,0.318025,0.0242975
480,0.0,0.24293020929334852,43.475,10.7,2.77786,0.9852725
481,0.0,0.23424554403520742,31.275,7.475,2.0441425000000004,0.79802
482,0.0,0.23989398018586994,24.65,5.975,1.556795,0.58436
483,0.0,0.26478835007522966,17.575,4.575,1.0206250000000001,0.3039525
484,0.0,0.2699618757145847,14.6,3.9,0.8219875000000002,0.16574250000000001
485,0.0,0.30337924319832216,9.95,2.8,0.3101225,0.023795
486,0.0,0.24313666574980494,43.45,10.7,2.77786,0.9852725
487,0.0,0.23783249458417788,28.475,6.875,1.6219875000000001,0.6822699999999999
488,0.0,0.24505010066352823,21.025,5.075,1.212065,0.42651500000000003
489,0.0,0.2699618757145847,14.6,3.9,0.8219875000000002,0.16574250000000001
490,0.0,0.30337924319832216,9.95,2.8,0.3101225,0.023795
491,0.0,0.24170246713048066,43.325,10.6,2.8052975,0.9847874999999998
492,0.0,0.24141860773913854,26.375,6.45,1.6768349999999999,0.6802625000000001
493,0.0,0.26525743723629247,17.4,4.55,1.024305,0.307875
494,0.0,0.28909380447983396,11.425,3.125,0.493445,0.0863275
495,0.0,0.24082106068132755,43.225,10.525,2.7921675,0.9843999999999999
496,0.0,0.23960757418854334,24.575,5.95,1.5199225000000003,0.5650074999999999
497,0.0,0.26282564578760503,15.475,4.05,0.8329025,0.17473750000000002
498,0.0,0.24082106068132755,43.225,10.525,2.7921675,0.9843999999999999
499,0.0,0.23977998798164676,24.55,5.95,1.5199225000000003,0.5650074999999999
500,0.0,0.26785863995354153,14.375,3.8,0.6599625,0.133855
501,0.0,0.24058592379074634,43.075,10.475,2.7863025,0.9846024999999999
502,0.0,0.24793203507496403,22.45,5.575,1.4896975000000001,0.5696275
503,0.0,0.23689957422877023,42.7,10.225,2.6116775,0.9623275
504,0.0,0.24824796549857905,20.5,5.025,1.21241,0.42398499999999995
505,0.0,0.23446498028911406,42.425,10.075,2.5099925,0.9688424999999998
506,0.0,0.25379819672204984,18.65,4.7,1.027765,0.4020975
507,0.0,0.2336063058387762,42.15,10.0,2.4278575000000004,0.9682774999999999
508,0.0,0.2651062030332638,16.975,4.45,0.8647649999999999,0.276925
509,0.0,0.23350697354944305,41.95,9.95,2.420615,0.96771
510,0.0,0.23406237662325174,41.7,9.9,2.390335,0.9719300000000001
511,0.0,0.23513613044036438,41.25,9.825,2.33492,0.9655775
512,0.0,0.23513613044036438,41.25,9.825,2.33492,0.9655775
513,0.0,0.23519021544856872,40.725,9.7,2.2893625,0.9574575
514,0.0,0.2344852313549411,39.85,9.475,2.3015175,0.9726925000000002
515,0.0,0.23427834052413,39.225,9.25,2.23951,0.90995
516,0.0,0.23426676084550735,38.725,9.125,2.2851074999999996,0.8969225000000002
517,0.0,0.23355653308062646,38.075,8.95,2.159415,0.8273325
518,0.0,0.23171714127974058,37.5,8.775,2.110295,0.8341825
519,0.0,0.23171714127974058,37.5,8.775,2.110295,0.8341825
520,0.0,0.23205045198579688,36.875,8.675,2.1654825000000004,0.8184799999999999
521,0.0,0.23059084269931218,36.225,8.475,2.0789475,0.77794
522,0.0,0.38040937682612747,60.58139534883721,22.58139534883721,3.1406976744186044,1.3811976744186047
523,0.0,0.38040937682612747,60.58139534883721,22.58139534883721,3.1406976744186044,1.3811976744186047
524,0.0,0.3845316508562305,56.06976744186046,21.046511627906977,3.2784116279069773,1.3476976744186047
525,0.0,0.377281158615822,49.2093023255814,18.11627906976744,3.058118604651162,1.3098255813953488
526,0.0,0.3693357836905685,45.674418604651166,16.441860465116278,2.807974418604651,1.275886046511628
527,0.0,0.37561955080157955,42.55813953488372,15.604651162790697,2.836188372093023,1.2904697674418606
528,0.0,0.36610211081737026,38.97674418604651,14.0,2.6187418604651165,1.1952813953488373
529,0.0,0.36174177935013696,35.651162790697676,12.627906976744185,2.444755813953488,1.1240046511627906
530,0.0,0.36174177935013696,35.651162790697676,12.627906976744185,2.444755813953488,1.1240046511627906
531,0.0,0.3619313915068576,33.0,11.69767441860465,2.1932976744186043,1.010706976744186
532,0.0,0.361266011519043,30.697674418604652,10.837209302325581,2.171574418604651,1.0187372093023257
533,0.0,0.3550874369512375,28.53488372093023,9.86046511627907,2.046097674418605,0.8832325581395348
534,0.16,0.35036094338661367,26.069767441860463,8.86046511627907,1.973988372093023,0.813486046511628
535,0.16,0.35096560904526675,24.11627906976744,8.232558139534884,1.791420930232558,0.7812767441860465
536,0.16,0.35654465531161866,22.41860465116279,7.72093023255814,1.6363232558139535,0.7313860465116278
537,0.16,0.3560612041318484,21.046511627906977,7.232558139534884,1.4790767441860466,0.6542767441860465
538,0.16,0.3560612041318484,21.046511627906977,7.232558139534884,1.4790767441860466,0.6542767441860465
539,0.16,0.35503239978394696,19.162790697674417,6.511627906976744,1.3568813953488372,0.4677651162790698
540,0.21,0.35665218486183314,16.697674418604652,5.651162790697675,1.4265627906976743,0.4541441860465117
541,0.21,0.3552985473025903,15.581395348837209,5.232558139534884,1.3757069767441863,0.38882093023255815
542,0.21,0.3699956283466616,14.186046511627907,4.906976744186046,1.2822953488372095,0.36134651162790693
543,0.21,0.3715207060126953,13.232558139534884,4.627906976744186,1.176541860465116,0.31646976744186045
544,0.21,0.3770261827915366,12.209302325581396,4.255813953488372,1.0767534883720928,0.2857186046511628
545,0.21,0.3770261827915366,12.209302325581396,4.255813953488372,1.0767534883720928,0.2857186046511628
546,0.21,0.38139772134570177,11.44186046511628,4.0,0.9235813953488372,0.23429534883720926
547,0.0,0.38040937682612747,60.58139534883721,22.58139534883721,3.1406976744186044,1.3811976744186047
548,0.0,0.3846846496322403,56.04651162790697,21.046511627906977,3.2784116279069773,1.3476976744186047
549,0.0,0.3693357836905685,45.674418604651166,16.441860465116278,2.807974418604651,1.275886046511628
550,0.0,0.36610211081737026,38.97674418604651,14.0,2.6187418604651165,1.1952813953488373
551,0.0,0.3613282691447051,35.627906976744185,12.604651162790697,2.458281395348837,1.1254837209302324
552,0.0,0.361266011519043,30.697674418604652,10.837209302325581,2.171574418604651,1.0187372093023257
553,0.16,0.35036094338661367,26.069767441860463,8.86046511627907,1.973988372093023,0.813486046511628
554,0.16,0.35654465531161866,22.41860465116279,7.72093023255814,1.6363232558139535,0.7313860465116278
555,0.16,0.3568540159711719,20.976744186046513,7.232558139534884,1.4790767441860466,0.6542767441860465
556,0.21,0.35665218486183314,16.697674418604652,5.651162790697675,1.4265627906976743,0.4541441860465117
557,0.21,0.3699956283466616,14.186046511627907,4.906976744186046,1.2822953488372095,0.36134651162790693
558,0.21,0.3770261827915366,12.209302325581396,4.255813953488372,1.0767534883720928,0.2857186046511628
559,0.0,0.380967906207022,60.53488372093023,22.58139534883721,3.1406976744186044,1.3811976744186047
560,0.0,0.3764021402302695,49.13953488372093,18.069767441860463,3.014520930232558,1.3062627906976743
561,0.0,0.36676764835021286,38.93023255813954,14.0,2.6187418604651165,1.1952813953488373
562,0.0,0.3619313915068576,33.0,11.69767441860465,2.1932976744186043,1.010706976744186
563,0.16,0.35057045522403246,26.046511627906977,8.86046511627907,1.973988372093023,0.813486046511628
564,0.16,0.3568540159711719,20.976744186046513,7.232558139534884,1.4790767441860466,0.6542767441860465
565,0.21,0.35665218486183314,16.697674418604652,5.651162790697675,1.4265627906976743,0.4541441860465117
566,0.21,0.3715207060126953,13.232558139534884,4.627906976744186,1.176541860465116,0.31646976744186045
567,0.0,0.3811831254273836,60.44186046511628,22.558139534883722,3.1378465116279073,1.3805395348837208
568,0.0,0.3696881278787359,45.604651162790695,16.441860465116278,2.807974418604651,1.275886046511628
569,0.0,0.3613282691447051,35.627906976744185,12.604651162790697,2.458281395348837,1.1254837209302324
570,0.16,0.35057045522403246,26.046511627906977,8.86046511627907,1.973988372093023,0.813486046511628
571,0.16,0.3576964841796664,20.906976744186046,7.232558139534884,1.4790767441860466,0.6542767441860465
572,0.21,0.3699956283466616,14.186046511627907,4.906976744186046,1.2822953488372095,0.36134651162790693
573,0.0,0.38035341785997057,60.27906976744186,22.441860465116278,3.117716279069767,1.3808627906976745
574,0.0,0.3759785807916561,42.46511627906977,15.581395348837209,2.8358837209302323,1.2938372093023256
575,0.0,0.3613711222622251,30.6046511627907,10.813953488372093,2.1685976744186046,1.0214558139534882
576,0.16,0.3576964841796664,20.906976744186046,7.232558139534884,1.4790767441860466,0.6542767441860465
577,0.21,0.37077082214511115,14.13953488372093,4.883720930232558,1.2822953488372095,0.36134651162790693
578,0.0,0.3802977634906961,60.23255813953488,22.41860465116279,3.117716279069767,1.3808627906976745
579,0.0,0.36696369924903455,38.83720930232558,13.976744186046512,2.618437209302326,1.1986488372093023
580,0.16,0.35384456396431757,25.813953488372093,8.837209302325581,1.978613953488372,0.8126604651162793
581,0.21,0.3576125771786946,16.627906976744185,5.651162790697675,1.4265627906976743,0.4541441860465117
582,0.0,0.38069327180614754,59.95348837209303,22.325581395348838,3.1119906976744183,1.3758860465116278
583,0.0,0.3614455936088464,35.395348837209305,12.534883720930232,2.4486,1.1498883720930233
584,0.16,0.35999842114216424,22.162790697674417,7.72093023255814,1.6363232558139535,0.7313860465116278
585,0.0,0.38069327180614754,59.95348837209303,22.325581395348838,3.1119906976744183,1.3758860465116278
586,0.0,0.36157243574369935,35.25581395348837,12.488372093023257,2.4441837209302326,1.148253488372093
587,0.16,0.35973945220672376,20.72093023255814,7.209302325581396,1.4972744186046512,0.666306976744186
588,0.0,0.381130906182203,59.627906976744185,22.232558139534884,3.1071976744186047,1.3736627906976744
589,0.0,0.3655420446089277,32.27906976744186,11.534883720930232,2.246953488372093,1.045739534883721
590,0.0,0.3812116046078456,59.325581395348834,22.13953488372093,3.113388372093023,1.3629232558139535
591,0.0,0.36678020426871755,29.837209302325583,10.69767441860465,2.1995674418604647,1.0216720930232557
592,0.0,0.3811549804272047,59.06976744186046,22.046511627906977,3.103862790697674,1.3677837209302326
593,0.0,0.3623597361733421,27.511627906976745,9.651162790697674,2.049,0.8565139534883721
594,0.0,0.380903741768842,58.7906976744186,21.930232558139537,3.0793953488372097,1.353493023255814
595,0.16,0.360872817565958,25.186046511627907,8.790697674418604,2.006767441860465,0.8144209302325582
596,0.0,0.38124017853255343,58.44186046511628,21.837209302325583,3.052090697674418,1.3682651162790698
597,0.0,0.37918932407616607,58.0,21.58139534883721,3.0862116279069767,1.3635837209302324
598,0.0,0.37937703514365273,57.395348837209305,21.348837209302324,3.094739534883721,1.3583883720930232
599,0.0,0.37937703514365273,57.395348837209305,21.348837209302324,3.094739534883721,1.3583883720930232
600,0.0,0.3795841930264863,56.7906976744186,21.11627906976744,3.0448,1.3427418604651165
601,0.0,0.3810158795123105,55.0,20.558139534883722,3.034053488372093,1.3378976744186046
602,0.0,0.3807012797690376,54.395348837209305,20.325581395348838,2.9865930232558138,1.3406372093023255
603,0.0,0.3789986048724394,53.58139534883721,19.930232558139537,2.9617,1.3297813953488373
604,0.0,0.37931540848742784,52.7906976744186,19.6046511627907,2.986548837209302,1.3171255813953489
605,0.0,0.38054908960040884,51.93023255813954,19.325581395348838,2.9353116279069766,1.291932558139535
606,0.0,0.38054908960040884,51.93023255813954,19.325581395348838,2.9353116279069766,1.291932558139535
607,0.0,0.3819252772285685,51.13953488372093,19.11627906976744,2.940811627906977,1.2839674418604652
608,0.0,0.37977087492740397,50.16279069767442,18.6046511627907,2.9436162790697673,1.3123186046511628
609,0.38,0.31882094513673453,9.31578947368421,2.710526315789474,0.25278684210526314,0.016728947368421055
610,0.38,0.31882094513673453,9.31578947368421,2.710526315789474,0.25278684210526314,0.016728947368421055
611,0.92,0.32242662308451775,8.447368421052632,2.473684210526316,0.14083684210526315,0.009455263157894737
612,0.46,0.3557140958456748,7.184210526315789,2.3157894736842106,0.1717236842105263,0.0033447368421052628
613,0.46,0.36346263385737065,6.7105263157894735,2.236842105263158,0.16055789473684212,0.0025526315789473684
614,0.46,0.36820175438596486,6.447368421052632,2.1842105263157894,0.15388947368421052,0.0025526315789473684
615,0.46,0.3730994152046783,6.052631578947368,2.0789473684210527,0.11952894736842104,0.0021105263157894737
616,0.46,0.3889411027568922,5.631578947368421,1.9473684210526316,0.13994736842105263,0.0
617,0.46,0.3889411027568922,5.631578947368421,1.9473684210526316,0.13994736842105263,0.0
618,0.46,0.393640350877193,5.2631578947368425,1.868421052631579,0.10515000000000001,0.0
619,0.46,0.4051065162907268,4.947368421052632,1.8421052631578947,0.17863157894736842,0.0
620,0.38,0.4155701754385964,4.605263157894737,1.763157894736842,0.22243684210526316,0.0
621,0.92,0.4267543859649122,4.2894736842105265,1.736842105263158,0.15641052631578947,0.0
622,1.0,0.44999999999999996,4.105263157894737,1.7105263157894737,0.18905526315789473,0.0
623,1.0,0.4867167919799498,3.736842105263158,1.6842105263157894,0.21470263157894737,0.0
624,1.0,0.5035087719298245,3.5789473684210527,1.6842105263157894,0.2527684210526316,0.0
625,1.0,0.5035087719298245,3.5789473684210527,1.6842105263157894,0.2527684210526316,0.0
626,1.0,0.5320175438596491,3.3157894736842106,1.631578947368421,0.22806578947368425,0.0
627,1.0,0.5649122807017544,2.973684210526316,1.5526315789473684,0.22045526315789474,0.0
628,1.0,0.5741228070175438,2.8684210526315788,1.5526315789473684,0.19499736842105264,0.0
629,1.0,0.5929824561403508,2.763157894736842,1.5263157894736843,0.10683421052631577,0.0
630,1.0,0.6144736842105264,2.5789473684210527,1.4736842105263157,0.12734473684210523,0.0
631,1.0,0.6372807017543859,2.473684210526316,1.4736842105263157,0.09537894736842105,0.0
632,1.0,0.6372807017543859,2.473684210526316,1.4736842105263157,0.09537894736842105,0.0
633,0.46,0.6236842105263157,2.3421052631578947,1.368421052631579,0.26360555555555554,0.0
634,0.38,0.31882094513673453,9.31578947368421,2.710526315789474,0.25278684210526314,0.016728947368421055
635,0.92,0.323836397520608,8.421052631578947,2.473684210526316,0.14083684210526315,0.009455263157894737
636,0.46,0.36346263385737065,6.7105263157894735,2.236842105263158,0.16055789473684212,0.0025526315789473684
637,0.46,0.3730994152046783,6.052631578947368,2.0789473684210527,0.11952894736842104,0.0021105263157894737
638,0.46,0.3889411027568922,5.631578947368421,1.9473684210526316,0.13994736842105263,0.0
639,0.46,0.4051065162907268,4.947368421052632,1.8421052631578947,0.17863157894736842,0.0
640,0.92,0.4267543859649122,4.2894736842105265,1.736842105263158,0.15641052631578947,0.0
641,1.0,0.4867167919799498,3.736842105263158,1.6842105263157894,0.21470263157894737,0.0
642,1.0,0.5035087719298245,3.5789473684210527,1.6842105263157894,0.2527684210526316,0.0
643,1.0,0.5649122807017544,2.973684210526316,1.5526315789473684,0.22045526315789474,0.0
644,1.0,0.5929824561403508,2.763157894736842,1.5263157894736843,0.10683421052631577,0.0
645,1.0,0.6372807017543859,2.473684210526316,1.4736842105263157,0.09537894736842105,0.0
646,0.38,0.3142887813940445,9.236842105263158,2.6578947368421053,0.1499315789473684,0.016728947368421055
647,0.46,0.35615269233690283,7.131578947368421,2.3157894736842106,0.1717236842105263,0.0033447368421052628
648,0.46,0.3730994152046783,6.052631578947368,2.0789473684210527,0.11952894736842104,0.0021105263157894737
649,0.46,0.393640350877193,5.2631578947368425,1.868421052631579,0.10515000000000001,0.0
650,0.92,0.4267543859649122,4.2894736842105265,1.736842105263158,0.15641052631578947,0.0
651,1.0,0.5035087719298245,3.5789473684210527,1.6842105263157894,0.2527684210526316,0.0
652,1.0,0.5649122807017544,2.973684210526316,1.5526315789473684,0.22045526315789474,0.0
653,1.0,0.6144736842105264,2.5789473684210527,1.4736842105263157,0.12734473684210523,0.0
654,0.38,0.3162624656045708,9.18421052631579,2.6578947368421053,0.1499315789473684,0.016728947368421055
655,0.46,0.36346263385737065,6.7105263157894735,2.236842105263158,0.16055789473684212,0.0025526315789473684
656,0.46,0.38941102756892226,5.605263157894737,1.9473684210526316,0.13994736842105263,0.0
657,0.92,0.4267543859649122,4.2894736842105265,1.736842105263158,0.15641052631578947,0.0
658,1.0,0.5035087719298245,3.5789473684210527,1.6842105263157894,0.2527684210526316,0.0
659,1.0,0.5929824561403508,2.763157894736842,1.5263157894736843,0.10683421052631577,0.0
660,0.38,0.3165998475209001,9.157894736842104,2.6578947368421053,0.1499315789473684,0.016728947368421055
661,0.46,0.36820175438596486,6.447368421052632,2.1842105263157894,0.15388947368421052,0.0025526315789473684
662,0.46,0.4051065162907268,4.947368421052632,1.8421052631578947,0.17863157894736842,0.0
663,1.0,0.5035087719298245,3.5789473684210527,1.6842105263157894,0.2527684210526316,0.0
664,1.0,0.5929824561403508,2.763157894736842,1.5263157894736843,0.10683421052631577,0.0
665,0.38,0.31793842122789484,9.078947368421053,2.6578947368421053,0.1499315789473684,0.016728947368421055
666,0.46,0.3739348370927318,6.0,2.0789473684210527,0.11952894736842104,0.0021105263157894737
667,0.92,0.4267543859649122,4.2631578947368425,1.736842105263158,0.15641052631578947,0.0
668,1.0,0.5649122807017544,2.973684210526316,1.5526315789473684,0.22045526315789474,0.0
669,0.38,0.318878270851955,9.052631578947368,2.6578947368421053,0.1499315789473684,0.016728947368421055
670,0.46,0.38941102756892226,5.605263157894737,1.9473684210526316,0.13994736842105263,0.0
671,1.0,0.4867167919799498,3.710526315789474,1.6842105263157894,0.21470263157894737,0.0
672,0.38,0.318878270851955,9.052631578947368,2.6578947368421053,0.1499315789473684,0.016728947368421055
673,0.46,0.38941102756892226,5.605263157894737,1.9473684210526316,0.13994736842105263,0.0
674,1.0,0.5035087719298245,3.5789473684210527,1.6842105263157894,0.2527684210526316,0.0
675,0.38,0.32351486233065174,8.973684210526315,2.6578947368421053,0.1499315789473684,0.016728947368421055
676,0.46,0.3985275689223058,5.157894736842105,1.868421052631579,0.10515000000000001,0.0
677,0.38,0.32524741340530805,8.894736842105264,2.6315789473684212,0.1434368421052631,0.01608684210526316
678,0.46,0.41406641604010025,4.842105263157895,1.8421052631578947,0.17863157894736842,0.0
679,0.38,0.32902105204736776,8.763157894736842,2.6315789473684212,0.1434368421052631,0.01608684210526316
680,0.38,0.41995614035087714,4.552631578947368,1.763157894736842,0.22243684210526316,0.0
681,0.38,0.3294995209468893,8.736842105263158,2.6315789473684212,0.1434368421052631,0.01608684210526316
682,0.92,0.431140350877193,4.2368421052631575,1.736842105263158,0.15641052631578947,0.0
683,0.38,0.33008431626852675,8.710526315789474,2.6315789473684212,0.1434368421052631,0.01608684210526316
684,0.38,0.3367990196937565,8.578947368421053,2.6315789473684212,0.1434368421052631,0.01608684210526316
685,0.38,0.33899200214989683,8.5,2.6315789473684212,0.1434368421052631,0.01608684210526316
686,0.38,0.33899200214989683,8.5,2.6315789473684212,0.1434368421052631,0.01608684210526316
687,0.38,0.33899200214989683,8.5,2.6315789473684212,0.1434368421052631,0.01608684210526316
688,0.38,0.3527580606527974,8.289473684210526,2.6052631578947367,0.1352236842105263,0.013128947368421053
689,0.38,0.3556402661665819,8.18421052631579,2.6052631578947367,0.1352236842105263,0.013128947368421053
690,0.38,0.36507673612936764,8.052631578947368,2.5789473684210527,0.1352236842105263,0.013128947368421053
691,0.38,0.3640252291568081,7.973684210526316,2.5526315789473686,0.12871052631578947,0.013128947368421053
692,0.38,0.36555878332194114,7.894736842105263,2.5526315789473686,0.12871052631578947,0.013128947368421053
693,0.38,0.36555878332194114,7.894736842105263,2.5526315789473686,0.12871052631578947,0.013128947368421053
694,0.38,0.36632300448089916,7.842105263157895,2.5526315789473686,0.12871052631578947,0.013128947368421053
695,0.38,0.36756854256854254,7.684210526315789,2.526315789473684,0.1254894736842105,0.013128947368421053
696,0.0,0.3207867084606215,14.2,4.4,1.204528,0.364848
697,0.0,0.3207867084606215,14.2,4.4,1.204528,0.364848
698,0.83,0.34288986347554123,13.2,4.32,1.305492,0.448932
699,0.67,0.339822314939962,10.72,3.44,0.9916759999999999,0.153312
700,0.67,0.3427950382950383,9.96,3.24,0.7578440000000001,0.10295199999999999
701,0.0,0.3354308965887913,9.08,2.88,0.7068720000000001,0.08275600000000001
702,0.0,0.33569158619158623,8.32,2.64,0.8202880000000001,0.040175999999999996
703,0.0,0.3528228438228439,7.76,2.52,0.7890039999999999,0.036448
704,0.0,0.3528228438228439,7.76,2.52,0.7890039999999999,0.036448
705,0.0,0.36637229437229435,7.0,2.28,0.8204119999999999,0.016632
706,0.0,0.36328571428571427,6.56,2.16,0.77116,0.010692
707,0.0,0.3664126984126984,6.04,2.0,0.7256440000000001,0.008204
708,0.0,0.38696969696969696,5.36,1.76,0.28791200000000006,0.0
709,0.0,0.38523809523809527,5.16,1.68,0.30684799999999995,0.0
710,0.0,0.3979047619047619,4.72,1.6,0.286516,0.0
711,0.0,0.4029523809523809,4.36,1.52,0.28576799999999997,0.0
712,0.0,0.4029523809523809,4.36,1.52,0.28576799999999997,0.0
713,0.0,0.41514285714285715,4.08,1.48,0.230232,0.0
714,0.0,0.4463809523809523,3.48,1.36,0.06650400000000001,0.0
715,0.0,0.5073333333333333,3.04,1.36,0.06712,0.0
716,0.0,0.5266666666666666,2.76,1.32,0.072536,0.0
717,0.0,0.5433333333333333,2.64,1.28,0.072356,0.0
718,0.83,0.5666666666666667,2.52,1.28,0.06034,0.0
719,0.83,0.5666666666666667,2.52,1.28,0.06034,0.0
720,0.83,0.5933333333333333,2.36,1.24,0.06034,0.0
721,0.0,0.3207867084606215,14.2,4.4,1.204528,0.364848
722,0.83,0.34288986347554123,13.2,4.32,1.305492,0.448932
723,0.67,0.3427950382950383,9.96,3.24,0.7578440000000001,0.10295199999999999
724,0.0,0.33569158619158623,8.32,2.64,0.8202880000000001,0.040175999999999996
725,0.0,0.3528228438228439,7.76,2.52,0.7890039999999999,0.036448
726,0.0,0.36328571428571427,6.56,2.16,0.77116,0.010692
727,0.0,0.38696969696969696,5.36,1.76,0.28791200000000006,0.0
728,0.0,0.3979047619047619,4.72,1.6,0.286516,0.0
729,0.0,0.4029523809523809,4.36,1.52,0.28576799999999997,0.0
730,0.0,0.4463809523809523,3.48,1.36,0.06650400000000001,0.0
731,0.0,0.5266666666666666,2.76,1.32,0.072536,0.0
732,0.83,0.5666666666666667,2.52,1.28,0.06034,0.0
733,0.0,0.3207867084606215,14.2,4.4,1.204528,0.364848
734,0.67,0.339822314939962,10.72,3.44,0.9916759999999999,0.153312
735,0.0,0.33569158619158623,8.32,2.64,0.8202880000000001,0.040175999999999996
736,0.0,0.36637229437229435,7.0,2.28,0.8204119999999999,0.016632
737,0.0,0.38696969696969696,5.36,1.76,0.28791200000000006,0.0
738,0.0,0.4029523809523809,4.36,1.52,0.28576799999999997,0.0
739,0.0,0.4463809523809523,3.48,1.36,0.06650400000000001,0.0
740,0.0,0.5433333333333333,2.64,1.28,0.072356,0.0
741,0.0,0.31924824692216,14.16,4.36,1.205736,0.364824
742,0.67,0.3427950382950383,9.96,3.24,0.7578440000000001,0.10295199999999999
743,0.0,0.3528228438228439,7.76,2.52,0.7890039999999999,0.036448
744,0.0,0.38696969696969696,5.36,1.76,0.28791200000000006,0.0
745,0.0,0.4029523809523809,4.36,1.52,0.28576799999999997,0.0
746,0.0,0.5266666666666666,2.76,1.32,0.072536,0.0
747,0.0,0.31924824692216,14.16,4.36,1.205736,0.364824
748,0.0,0.3354308965887913,9.08,2.88,0.7068720000000001,0.08275600000000001
749,0.0,0.36328571428571427,6.56,2.16,0.77116,0.010692
750,0.0,0.4029523809523809,4.36,1.52,0.28576799999999997,0.0
751,0.0,0.5266666666666666,2.76,1.32,0.072536,0.0
752,0.0,0.31924824692216,14.16,4.36,1.205736,0.364824
753,0.0,0.33569158619158623,8.32,2.64,0.8202880000000001,0.040175999999999996
754,0.0,0.38696969696969696,5.36,1.76,0.28791200000000006,0.0
755,0.0,0.4483809523809523,3.44,1.36,0.06650400000000001,0.0
756,0.0,0.31924824692216,14.16,4.36,1.205736,0.364824
757,0.0,0.3528228438228439,7.76,2.52,0.7890039999999999,0.036448
758,0.0,0.3979047619047619,4.72,1.6,0.286516,0.0
759,0.0,0.31924824692216,14.16,4.36,1.205736,0.364824
760,0.0,0.3528228438228439,7.76,2.52,0.7890039999999999,0.036448
761,0.0,0.4087619047619047,4.24,1.52,0.28576799999999997,0.0
762,0.0,0.3214300651039782,14.12,4.36,1.205736,0.364824
763,0.0,0.3692020202020202,6.76,2.2,0.8212119999999998,0.016632
764,0.0,0.3231217647087212,14.0,4.36,1.205736,0.364824
765,0.0,0.3641313131313131,6.32,2.08,0.723404,0.010692
766,0.0,0.32364124522820176,13.96,4.36,1.205736,0.364824
767,0.0,0.3586219336219336,5.76,1.88,0.36602,0.008204
768,0.0,0.3251563967433533,13.92,4.36,1.205736,0.364824
769,0.0,0.38639826839826846,5.2,1.72,0.293192,0.0
770,0.0,0.32680963239658894,13.72,4.28,1.211412,0.366952
771,0.0,0.3235829755040281,13.52,4.2,0.941596,0.308212
772,0.83,0.32190465382570643,13.36,4.12,0.8839400000000001,0.28436799999999995
773,0.83,0.32190465382570643,13.36,4.12,0.8839400000000001,0.28436799999999995
774,0.83,0.32863940445519396,13.08,4.12,0.8839400000000001,0.28436799999999995
775,0.83,0.3329929398087293,12.72,4.04,0.8879319999999998,0.280332
776,0.83,0.3258010206168101,12.56,3.92,0.811116,0.2508000000000001
777,0.83,0.3295742035742036,12.4,3.92,0.811116,0.2508000000000001
778,0.83,0.33782431294196,12.08,3.84,0.770432,0.24224000000000004
779,0.83,0.3377233963147276,11.76,3.76,0.715488,0.19517600000000002
780,0.83,0.3377233963147276,11.76,3.76,0.715488,0.19517600000000002
781,0.83,0.3343950906334807,11.48,3.64,0.6476360000000001,0.190464
782,0.83,0.3431439496176338,11.0,3.56,0.7386840000000001,0.21529199999999998
